USE BANK;

INSERT INTO ADMIN (AdminID, first_name, last_name, Email, Password) 
VALUES
(1, 'Ravi', 'Verma', 'ravi.verma@example.com', 'admin123'),
(2, 'Neha', 'Sharma', 'neha.sharma@example.com', 'admin456'),
(3, 'Amit', 'Kumar', 'amit.kumar@example.com', 'admin789'),
(4, 'Priya', 'Singh', 'priya.singh@example.com', 'admin159'),
(5, 'Suresh', 'Yadav', 'suresh.yadav@example.com', 'admin753');

INSERT INTO STAFF (first_name, last_name, Email, Password, Role) 
VALUES
('Aarav', 'Sharma', 'aarav.sharma@example.com', 'aarSha12', 'Manager'),
('Aditi', 'Patel', 'aditi.patel@example.com', 'adiPat34', 'Clerk'),
('Arjun', 'Singh', 'arjun.singh@example.com', 'arjSin56', 'Teller'),
('Bhavya', 'Kumar', 'bhavya.kumar@example.com', 'bhaKum78', 'Clerk'),
('Chetan', 'Gupta', 'chetan.gupta@example.com', 'cheGup90', 'Teller'),
('Deepika', 'Mehta', 'deepika.mehta@example.com', 'deeMeh12', 'Manager'),
('Divya', 'Joshi', 'divya.joshi@example.com', 'divJos34', 'Clerk'),
('Gaurav', 'Malhotra', 'gaurav.malhotra@example.com', 'gauMal56', 'Teller'),
('Ishaan', 'Reddy', 'ishaan.reddy@example.com', 'ishRed78', 'Clerk'),
('Jaya', 'Verma', 'jaya.verma@example.com', 'jayVer90', 'Teller'),
('Karan', 'Chopra', 'karan.chopra@example.com', 'karCho12', 'Manager'),
('Kavita', 'Thakur', 'kavita.thakur@example.com', 'kavTha34', 'Clerk'),
('Lakshmi', 'Rao', 'lakshmi.rao@example.com', 'lakRao56', 'Teller'),
('Manish', 'Srivastava', 'manish.srivastava@example.com', 'manSri78', 'Clerk'),
('Meera', 'Yadav', 'meera.yadav@example.com', 'meeYad90', 'Teller'),
('Naveen', 'Mishra', 'naveen.mishra@example.com', 'navMis12', 'Clerk'),
('Neha', 'Desai', 'neha.desai@example.com', 'nehDes34', 'Teller'),
('Pooja', 'Shah', 'pooja.shah@example.com', 'pooSha56', 'Manager'),
('Prashant', 'Sinha', 'prashant.sinha@example.com', 'praSin78', 'Clerk'),
('Rahul', 'Bose', 'rahul.bose@example.com', 'rahBos90', 'Teller'),
('Riya', 'Choudhary', 'riya.choudhary@example.com', 'riyCho12', 'Clerk'),
('Rohan', 'Kapoor', 'rohan.kapoor@example.com', 'rohKap34', 'Teller'),
('Sanya', 'Nair', 'sanya.nair@example.com', 'sanNai56', 'Clerk'),
('Shivam', 'Dubey', 'shivam.dubey@example.com', 'shiDub78', 'Manager'),
('Sneha', 'Ranganathan', 'sneha.ranganathan@example.com', 'sneRan90', 'Clerk'),
('Suresh', 'Iyengar', 'suresh.iyengar@example.com', 'surIye12', 'Teller'),
('Tanvi', 'Menon', 'tanvi.menon@example.com', 'tanMen34', 'Clerk'),
('Varun', 'Bhatia', 'varun.bhatia@example.com', 'varBha56', 'Teller'),
('Vidya', 'Srinivasan', 'vidya.srinivasan@example.com', 'vidSri78', 'Clerk'),
('Yash', 'Raj', 'yash.raj@example.com', 'yasRaj90', 'Manager');

INSERT INTO CLIENT (first_name, last_name, Email, Password, PhoneNumber, street, city, state, pincode, DOB) 
VALUES
('Rohan', 'Verma', 'rohan.verma@example.com', 'rohVer12', '919876543216', '14 Gandhi Road', 'Mumbai', 'Maharashtra', '400001', '1990-05-15'),
('Priya', 'Reddy', 'priya.reddy@example.com', 'priRed34', '919876543217', '23 Nehru Street', 'Hyderabad', 'Telangana', '500001', '1985-08-22'),
('Vikram', 'Joshi', 'vikram.joshi@example.com', 'vikJos56', '919876543218', '45 Tagore Lane', 'Pune', 'Maharashtra', '411001', '1992-11-30'),
('Ananya', 'Iyer', 'ananya.iyer@example.com', 'anaIye78', '919876543219', '67 Patel Nagar', 'Chennai', 'Tamil Nadu', '600001', '1988-03-10'),
('Rahul', 'Malhotra', 'rahul.malhotra@example.com', 'rahMal90', '919876543220', '89 Shivaji Road', 'Delhi', 'Delhi', '110001', '1995-07-25'),
('Sneha', 'Chopra', 'sneha.chopra@example.com', 'sneCho12', '919876543221', '12 MG Road', 'Bangalore', 'Karnataka', '560001', '1987-09-18'),
('Karan', 'Srivastava', 'karan.srivastava@example.com', 'karSri34', '919876543222', '34 Brigade Road', 'Kolkata', 'West Bengal', '700001', '1991-12-05'),
('Meera', 'Rao', 'meera.rao@example.com', 'meeRao56', '919876543223', '56 Park Street', 'Ahmedabad', 'Gujarat', '380001', '1986-04-20'),
('Rajesh', 'Thakur', 'rajesh.thakur@example.com', 'rajTha78', '919876543224', '78 Church Street', 'Jaipur', 'Rajasthan', '302001', '1993-10-12'),
('Pooja', 'Bose', 'pooja.bose@example.com', 'pooBos90', '919876543225', '90 Residency Road', 'Lucknow', 'Uttar Pradesh', '226001', '1989-02-28'),
('Amit', 'Nair', 'amit.nair@example.com', 'amiNai12', '919876543226', '12 Mall Road', 'Chandigarh', 'Punjab', '160001', '1994-06-15'),
('Neha', 'Deshmukh', 'neha.deshmukh@example.com', 'nehDes34', '919876543227', '34 Connaught Place', 'Nagpur', 'Maharashtra', '440001', '1984-08-30'),
('Suresh', 'Menon', 'suresh.menon@example.com', 'surMen56', '919876543228', '56 Jubilee Hills', 'Visakhapatnam', 'Andhra Pradesh', '530001', '1996-01-22'),
('Anjali', 'Kapoor', 'anjali.kapoor@example.com', 'anjKap78', '919876543229', '78 Banjara Hills', 'Surat', 'Gujarat', '395001', '1983-07-10'),
('Vivek', 'Sinha', 'vivek.sinha@example.com', 'vivSin90', '919876543230', '90 Hitech City', 'Bhopal', 'Madhya Pradesh', '462001', '1997-03-05'),
('Kavita', 'Ranganathan', 'kavita.ranganathan@example.com', 'kavRan12', '919876543231', '12 Jubilee Circle', 'Indore', 'Madhya Pradesh', '452001', '1982-05-18'),
('Ravi', 'Iyengar', 'ravi.iyengar@example.com', 'ravIye34', '919876543232', '34 Race Course Road', 'Coimbatore', 'Tamil Nadu', '641001', '1998-09-12'),
('Shilpa', 'Bhatia', 'shilpa.bhatia@example.com', 'shiBha56', '919876543233', '56 Mount Road', 'Kochi', 'Kerala', '682001', '1981-11-25'),
('Nitin', 'Choudhary', 'nitin.choudhary@example.com', 'nitCho78', '919876543234', '78 Marine Drive', 'Patna', 'Bihar', '800001', '1999-04-30'),
('Divya', 'Srinivasan', 'divya.srinivasan@example.com', 'divSri90', '919876543235', '90 Linking Road', 'Vadodara', 'Gujarat', '390001', '1980-12-15'),
('Arun', 'Dubey', 'arun.dubey@example.com', 'aruDub12', '919876543236', '12 Hill Road', 'Agra', 'Uttar Pradesh', '282001', '2000-02-20'),
('Sunita', 'Mehra', 'sunita.mehra@example.com', 'sunMeh34', '919876543237', '34 Bandra West', 'Varanasi', 'Uttar Pradesh', '221001', '1979-06-10'),
('Rajiv', 'Bajaj', 'rajiv.bajaj@example.com', 'rajBaj56', '919876543238', '56 Andheri East', 'Ludhiana', 'Punjab', '141001', '2001-08-05'),
('Anita', 'Seth', 'anita.seth@example.com', 'aniSet78', '919876543239', '78 Worli', 'Nashik', 'Maharashtra', '422001', '1978-10-12'),
('Manoj', 'Gandhi', 'manoj.gandhi@example.com', 'manGan90', '919876543240', '90 Powai', 'Meerut', 'Uttar Pradesh', '250001', '2002-03-25'),
('Preeti', 'Khanna', 'preeti.khanna@example.com', 'preKha12', '919876543241', '12 Juhu', 'Rajkot', 'Gujarat', '360001', '1977-05-30'),
('Sanjay', 'Dutta', 'sanjay.dutta@example.com', 'sanDut34', '919876543242', '34 Colaba', 'Jabalpur', 'Madhya Pradesh', '482001', '2003-07-15'),
('Ritu', 'Malik', 'ritu.malik@example.com', 'ritMal56', '919876543243', '56 Dadar', 'Gwalior', 'Madhya Pradesh', '474001', '1976-09-20'),
('Vijay', 'Saxena', 'vijay.saxena@example.com', 'vijSax78', '919876543244', '78 Thane', 'Vijayawada', 'Andhra Pradesh', '520001', '2004-01-10'),
('Kiran', 'Rastogi', 'kiran.rastogi@example.com', 'kirRas90', '919876543245', '90 Borivali', 'Jodhpur', 'Rajasthan', '342001', '1975-11-05'),
('Anil', 'Chauhan', 'anil.chauhan@example.com', 'aniCha12', '919876543246', '12 Kandivali', 'Madurai', 'Tamil Nadu', '625001', '2005-04-18'),
('Poonam', 'Bansal', 'poonam.bansal@example.com', 'pooBan34', '919876543247', '34 Malad', 'Raipur', 'Chhattisgarh', '492001', '1974-08-22'),
('Rakesh', 'Agarwal', 'rakesh.agarwal@example.com', 'rakAga56', '919876543248', '56 Goregaon', 'Kota', 'Rajasthan', '324001', '2006-02-28'),
('Sarita', 'Gupta', 'sarita.gupta@example.com', 'sarGup78', '919876543249', '78 Chembur', 'Guwahati', 'Assam', '781001', '1973-12-15'),
('Alok', 'Mishra', 'alok.mishra@example.com', 'aloMis90', '919876543250', '90 Vashi', 'Solapur', 'Maharashtra', '413001', '2007-06-10'),
('Mala', 'Tiwari', 'mala.tiwari@example.com', 'malTiw12', '919876543251', '12 Nerul', 'Ranchi', 'Jharkhand', '834001', '1972-10-05'),
('Ramesh', 'Shukla', 'ramesh.shukla@example.com', 'ramShu34', '919876543252', '34 Panvel', 'Aurangabad', 'Maharashtra', '431001', '2008-03-20'),
('Geeta', 'Yadav', 'geeta.yadav@example.com', 'geeYad56', '919876543253', '56 Ulhasnagar', 'Bhilai', 'Chhattisgarh', '490001', '1971-07-12'),
('Vinod', 'Pandey', 'vinod.pandey@example.com', 'vinPan78', '919876543254', '78 Badlapur', 'Amritsar', 'Punjab', '143001', '2009-09-25'),
('Lata', 'Rathore', 'lata.rathore@example.com', 'latRat90', '919876543255', '90 Dombivli', 'Bikaner', 'Rajasthan', '334001', '1970-05-30'),
('Harish', 'Soni', 'harish.soni@example.com', 'harSon12', '919876543256', '12 Kalyan', 'Warangal', 'Telangana', '506001', '2010-01-15'),
('Asha', 'Meena', 'asha.meena@example.com', 'ashMee34', '919876543257', '34 Ambarnath', 'Cuttack', 'Odisha', '753001', '1969-11-10'),
('Dinesh', 'Rajput', 'dinesh.rajput@example.com', 'dinRaj56', '919876543258', '56 Bhiwandi', 'Kurnool', 'Andhra Pradesh', '518001', '2011-04-05'),
('Rekha', 'Solanki', 'rekha.solanki@example.com', 'rekSol78', '919876543259', '78 Ulwe', 'Guntur', 'Andhra Pradesh', '522001', '1968-08-20'),
('Mohan', 'Gaur', 'mohan.gaur@example.com', 'mohGau90', '919876543260', '90 Kharghar', 'Jhansi', 'Uttar Pradesh', '284001', '2012-02-10'),
('Suman', 'Purohit', 'suman.purohit@example.com', 'sumPur12', '919876543261', '12 Kamothe', 'Noida', 'Uttar Pradesh', '201301', '1967-06-15'),
('Rajendra', 'Bhardwaj', 'rajendra.bhardwaj@example.com', 'rajBha34', '919876543262', '34 Taloja', 'Saharanpur', 'Uttar Pradesh', '247001', '2013-10-30'),
('Usha', 'Kulkarni', 'usha.kulkarni@example.com', 'ushKul56', '919876543263', '56 New Panvel', 'Moradabad', 'Uttar Pradesh', '244001', '1966-03-25'),
('Prakash', 'Naik', 'prakash.naik@example.com', 'praNai78', '919876543264', '78 Uran', 'Aligarh', 'Uttar Pradesh', '202001', '2014-07-12');

INSERT INTO ACCOUNT (AccountNumber, ClientID, AccountType, Balance, Status, CreatedAt, CreatedBy) 
VALUES
('ACC1001', 1, 'Savings', 15000.50, 'Active', '2019-01-01', 2),
('ACC1002', 1, 'Current', 50000.00, 'Active', '2019-02-15', 4),
('ACC1003', 2, 'Savings', 25000.75, 'Active', '2019-03-10', 7),
('ACC1004', 3, 'Fixed Deposit', 100000.00, 'Active', '2019-04-20', 9),
('ACC1005', 4, 'Savings', 30000.25, 'Active', '2019-05-05', 12),
('ACC1006', 5, 'Current', 75000.00, 'Active', '2019-06-18', 14),
('ACC1007', 6, 'Savings', 45000.50, 'Active', '2019-07-22', 16),
('ACC1008', 7, 'Fixed Deposit', 200000.00, 'Active', '2019-08-30', 19),
('ACC1009', 8, 'Savings', 60000.75, 'Active', '2019-09-12', 21),
('ACC1010', 9, 'Current', 90000.00, 'Suspended', '2019-10-25', 23),
('ACC1011', 10, 'Savings', 35000.25, 'Active', '2019-11-08', 25),
('ACC1012', 11, 'Fixed Deposit', 150000.00, 'Active', '2019-12-20', 27),
('ACC1013', 12, 'Savings', 50000.50, 'Active', '2020-01-15', 29),
('ACC1014', 13, 'Current', 80000.00, 'Active', '2020-02-28', 2),
('ACC1015', 14, 'Savings', 40000.75, 'Active', '2020-03-10', 4),
('ACC1016', 15, 'Fixed Deposit', 300000.00, 'Active', '2020-04-22', 7),
('ACC1017', 16, 'Savings', 55000.25, 'Closed', '2020-05-05', 9),
('ACC1018', 17, 'Current', 70000.00, 'Active', '2020-06-18', 12),
('ACC1019', 18, 'Savings', 48000.50, 'Active', '2020-07-22', 14),
('ACC1020', 19, 'Fixed Deposit', 250000.00, 'Active', '2020-08-30', 16),
('ACC1021', 20, 'Savings', 32000.75, 'Active', '2020-09-12', 19),
('ACC1022', 21, 'Current', 85000.00, 'Active', '2020-10-25', 21),
('ACC1023', 22, 'Savings', 60000.25, 'Active', '2020-11-08', 23),
('ACC1024', 23, 'Fixed Deposit', 400000.00, 'Active', '2020-12-20', 25),
('ACC1025', 24, 'Savings', 70000.50, 'Suspended', '2021-01-15', 27),
('ACC1026', 25, 'Current', 95000.00, 'Active', '2021-02-28', 29),
('ACC1027', 26, 'Savings', 38000.75, 'Active', '2021-03-10', 2),
('ACC1028', 27, 'Fixed Deposit', 500000.00, 'Active', '2021-04-22', 4),
('ACC1029', 28, 'Savings', 42000.25, 'Active', '2021-05-05', 7),
('ACC1030', 29, 'Current', 65000.00, 'Active', '2021-06-18', 9),
('ACC1031', 30, 'Savings', 53000.50, 'Active', '2021-07-22', 12),
('ACC1032', 31, 'Fixed Deposit', 350000.00, 'Active', '2021-08-30', 14),
('ACC1033', 32, 'Savings', 47000.75, 'Active', '2021-09-12', 16),
('ACC1034', 33, 'Current', 78000.00, 'Active', '2021-10-25', 19),
('ACC1035', 34, 'Savings', 62000.25, 'Active', '2021-11-08', 21),
('ACC1036', 35, 'Fixed Deposit', 450000.00, 'Active', '2021-12-20', 23),
('ACC1037', 36, 'Savings', 58000.50, 'Active', '2022-01-15', 25),
('ACC1038', 37, 'Current', 82000.00, 'Active', '2022-02-28', 27),
('ACC1039', 38, 'Savings', 49000.75, 'Active', '2022-03-10', 29),
('ACC1040', 39, 'Fixed Deposit', 550000.00, 'Active', '2022-04-22', 2),
('ACC1041', 40, 'Savings', 67000.25, 'Active', '2022-05-05', 4),
('ACC1042', 41, 'Current', 88000.00, 'Closed', '2022-06-18', 7),
('ACC1043', 42, 'Savings', 54000.50, 'Active', '2022-07-22', 9),
('ACC1044', 43, 'Fixed Deposit', 600000.00, 'Active', '2022-08-30', 12),
('ACC1045', 44, 'Savings', 71000.75, 'Active', '2022-09-12', 14),
('ACC1046', 45, 'Current', 92000.00, 'Active', '2022-10-25', 16),
('ACC1047', 46, 'Savings', 63000.25, 'Active', '2022-11-08', 19),
('ACC1048', 47, 'Fixed Deposit', 700000.00, 'Active', '2022-12-20', 21),
('ACC1049', 48, 'Savings', 74000.50, 'Active', '2023-01-15', 23),
('ACC1050', 48, 'Current', 98000.00, 'Suspended', '2023-02-28', 25),
('ACC1051', 47, 'Savings', 68000.75, 'Active', '2023-03-10', 27),
('ACC1052', 1, 'Fixed Deposit', 800000.00, 'Active', '2023-04-22', 29),
('ACC1053', 2, 'Savings', 76000.25, 'Active', '2023-05-05', 2),
('ACC1054', 3, 'Current', 99000.00, 'Active', '2023-06-18', 4),
('ACC1055', 4, 'Savings', 72000.50, 'Active', '2023-07-22', 7),
('ACC1056', 5, 'Fixed Deposit', 900000.00, 'Closed', '2023-08-30', 9),
('ACC1057', 6, 'Savings', 77000.75, 'Active', '2023-09-12', 12),
('ACC1058', 7, 'Current', 100000.00, 'Active', '2023-10-25', 14),
('ACC1059', 8, 'Savings', 79000.25, 'Active', '2023-11-08', 16),
('ACC1060', 9, 'Fixed Deposit', 950000.00, 'Active', '2023-12-20', 19),
('ACC1061', 10, 'Savings', 81000.50, 'Active', '2024-01-15', 21),
('ACC1062', 11, 'Current', 105000.00, 'Active', '2024-02-28', 23),
('ACC1063', 12, 'Savings', 83000.75, 'Active', '2024-03-10', 25),
('ACC1064', 13, 'Fixed Deposit', 1000000.00, 'Active', '2024-04-22', 27),
('ACC1065', 14, 'Savings', 85000.25, 'Active', '2024-05-05', 29),
('ACC1066', 15, 'Current', 110000.00, 'Active', '2024-06-18', 2),
('ACC1067', 16, 'Savings', 87000.50, 'Active', '2024-07-22', 4),
('ACC1068', 17, 'Fixed Deposit', 1050000.00, 'Active', '2024-08-30', 7),
('ACC1069', 18, 'Savings', 89000.75, 'Active', '2024-09-12', 9),
('ACC1070', 19, 'Current', 115000.00, 'Active', '2024-10-25', 12);

INSERT INTO TRANSACTION (TransactionID, TransactionType, Amount, DateTime, SourceAccount, DestinationAccount) 
VALUES
('TXN1001', 'Deposit', 5000.00, '2023-10-01 09:00:00', 'ACC1001', NULL),
('TXN1002', 'Withdrawal', 2000.00, '2023-10-01 10:15:00', 'ACC1001', NULL),
('TXN1003', 'Transfer', 3000.00, '2023-10-01 11:30:00', 'ACC1001', 'ACC1002'),
('TXN1004', 'Deposit', 10000.00, '2023-10-01 12:45:00', 'ACC1002', NULL),
('TXN1005', 'Withdrawal', 5000.00, '2023-10-01 14:00:00', 'ACC1002', NULL),
('TXN1006', 'Transfer', 7000.00, '2023-10-01 15:15:00', 'ACC1002', 'ACC1003'),
('TXN1007', 'Deposit', 15000.00, '2023-10-01 16:30:00', 'ACC1003', NULL),
('TXN1008', 'Withdrawal', 8000.00, '2023-10-01 17:45:00', 'ACC1003', NULL),
('TXN1009', 'Transfer', 9000.00, '2023-10-01 19:00:00', 'ACC1003', 'ACC1004'),
('TXN1010', 'Deposit', 20000.00, '2023-10-01 20:15:00', 'ACC1004', NULL),
('TXN1011', 'Withdrawal', 10000.00, '2023-10-01 21:30:00', 'ACC1004', NULL),
('TXN1012', 'Transfer', 12000.00, '2023-10-01 22:45:00', 'ACC1004', 'ACC1005'),
('TXN1013', 'Deposit', 25000.00, '2023-10-02 09:00:00', 'ACC1005', NULL),
('TXN1014', 'Withdrawal', 15000.00, '2023-10-02 10:15:00', 'ACC1005', NULL),
('TXN1015', 'Transfer', 18000.00, '2023-10-02 11:30:00', 'ACC1005', 'ACC1006'),
('TXN1016', 'Deposit', 30000.00, '2023-10-02 12:45:00', 'ACC1006', NULL),
('TXN1017', 'Withdrawal', 20000.00, '2023-10-02 14:00:00', 'ACC1006', NULL),
('TXN1018', 'Transfer', 22000.00, '2023-10-02 15:15:00', 'ACC1006', 'ACC1007'),
('TXN1019', 'Deposit', 35000.00, '2023-10-02 16:30:00', 'ACC1007', NULL),
('TXN1020', 'Withdrawal', 25000.00, '2023-10-02 17:45:00', 'ACC1007', NULL),
('TXN1021', 'Transfer', 28000.00, '2023-10-02 19:00:00', 'ACC1007', 'ACC1008'),
('TXN1022', 'Deposit', 40000.00, '2023-10-02 20:15:00', 'ACC1008', NULL),
('TXN1023', 'Withdrawal', 30000.00, '2023-10-02 21:30:00', 'ACC1008', NULL),
('TXN1024', 'Transfer', 32000.00, '2023-10-02 22:45:00', 'ACC1008', 'ACC1009'),
('TXN1025', 'Deposit', 45000.00, '2023-10-03 09:00:00', 'ACC1009', NULL),
('TXN1026', 'Withdrawal', 35000.00, '2023-10-03 10:15:00', 'ACC1009', NULL),
('TXN1027', 'Transfer', 38000.00, '2023-10-03 11:30:00', 'ACC1009', 'ACC1010'),
('TXN1028', 'Deposit', 50000.00, '2023-10-03 12:45:00', 'ACC1010', NULL),
('TXN1029', 'Withdrawal', 40000.00, '2023-10-03 14:00:00', 'ACC1010', NULL),
('TXN1030', 'Transfer', 42000.00, '2023-10-03 15:15:00', 'ACC1010', 'ACC1011'),
('TXN1031', 'Deposit', 55000.00, '2023-10-03 16:30:00', 'ACC1011', NULL),
('TXN1032', 'Withdrawal', 45000.00, '2023-10-03 17:45:00', 'ACC1011', NULL),
('TXN1033', 'Transfer', 48000.00, '2023-10-03 19:00:00', 'ACC1011', 'ACC1012'),
('TXN1034', 'Deposit', 60000.00, '2023-10-03 20:15:00', 'ACC1012', NULL),
('TXN1035', 'Withdrawal', 50000.00, '2023-10-03 21:30:00', 'ACC1012', NULL),
('TXN1036', 'Transfer', 52000.00, '2023-10-03 22:45:00', 'ACC1012', 'ACC1013'),
('TXN1037', 'Deposit', 65000.00, '2023-10-04 09:00:00', 'ACC1013', NULL),
('TXN1038', 'Withdrawal', 55000.00, '2023-10-04 10:15:00', 'ACC1013', NULL),
('TXN1039', 'Transfer', 58000.00, '2023-10-04 11:30:00', 'ACC1013', 'ACC1014'),
('TXN1040', 'Deposit', 70000.00, '2023-10-04 12:45:00', 'ACC1014', NULL),
('TXN1041', 'Withdrawal', 60000.00, '2023-10-04 14:00:00', 'ACC1014', NULL),
('TXN1042', 'Transfer', 62000.00, '2023-10-04 15:15:00', 'ACC1014', 'ACC1015'),
('TXN1043', 'Deposit', 75000.00, '2023-10-04 16:30:00', 'ACC1015', NULL),
('TXN1044', 'Withdrawal', 65000.00, '2023-10-04 17:45:00', 'ACC1015', NULL),
('TXN1045', 'Transfer', 68000.00, '2023-10-04 19:00:00', 'ACC1015', 'ACC1016'),
('TXN1046', 'Deposit', 80000.00, '2023-10-04 20:15:00', 'ACC1016', NULL),
('TXN1047', 'Withdrawal', 70000.00, '2023-10-04 21:30:00', 'ACC1016', NULL),
('TXN1048', 'Transfer', 72000.00, '2023-10-04 22:45:00', 'ACC1016', 'ACC1017'),
('TXN1049', 'Deposit', 85000.00, '2023-10-05 09:00:00', 'ACC1017', NULL),
('TXN1050', 'Withdrawal', 75000.00, '2023-10-05 10:15:00', 'ACC1017', NULL),
('TXN1051', 'Transfer', 78000.00, '2023-10-05 11:30:00', 'ACC1017', 'ACC1018'),
('TXN1052', 'Deposit', 90000.00, '2023-10-05 12:45:00', 'ACC1018', NULL),
('TXN1053', 'Withdrawal', 80000.00, '2023-10-05 14:00:00', 'ACC1018', NULL),
('TXN1054', 'Transfer', 82000.00, '2023-10-05 15:15:00', 'ACC1018', 'ACC1019'),
('TXN1055', 'Deposit', 95000.00, '2023-10-05 16:30:00', 'ACC1019', NULL),
('TXN1056', 'Withdrawal', 85000.00, '2023-10-05 17:45:00', 'ACC1019', NULL),
('TXN1057', 'Transfer', 88000.00, '2023-10-05 19:00:00', 'ACC1019', 'ACC1020'),
('TXN1058', 'Deposit', 100000.00, '2023-10-05 20:15:00', 'ACC1020', NULL),
('TXN1059', 'Withdrawal', 90000.00, '2023-10-05 21:30:00', 'ACC1020', NULL),
('TXN1060', 'Transfer', 92000.00, '2023-10-05 22:45:00', 'ACC1020', 'ACC1021'),
('TXN1061', 'Deposit', 105000.00, '2023-10-06 09:00:00', 'ACC1021', NULL),
('TXN1062', 'Withdrawal', 95000.00, '2023-10-06 10:15:00', 'ACC1021', NULL),
('TXN1063', 'Transfer', 98000.00, '2023-10-06 11:30:00', 'ACC1021', 'ACC1022'),
('TXN1064', 'Deposit', 110000.00, '2023-10-06 12:45:00', 'ACC1022', NULL),
('TXN1065', 'Withdrawal', 100000.00, '2023-10-06 14:00:00', 'ACC1022', NULL),
('TXN1066', 'Transfer', 102000.00, '2023-10-06 15:15:00', 'ACC1022', 'ACC1023'),
('TXN1067', 'Deposit', 115000.00, '2023-10-06 16:30:00', 'ACC1023', NULL),
('TXN1068', 'Withdrawal', 105000.00, '2023-10-06 17:45:00', 'ACC1023', NULL),
('TXN1069', 'Transfer', 108000.00, '2023-10-06 19:00:00', 'ACC1023', 'ACC1024'),
('TXN1070', 'Deposit', 120000.00, '2023-10-06 20:15:00', 'ACC1024', NULL),
('TXN1071', 'Withdrawal', 110000.00, '2023-10-06 21:30:00', 'ACC1024', NULL),
('TXN1072', 'Transfer', 112000.00, '2023-10-06 22:45:00', 'ACC1024', 'ACC1025'),
('TXN1073', 'Deposit', 125000.00, '2023-10-07 09:00:00', 'ACC1025', NULL),
('TXN1074', 'Withdrawal', 115000.00, '2023-10-07 10:15:00', 'ACC1025', NULL),
('TXN1075', 'Transfer', 118000.00, '2023-10-07 11:30:00', 'ACC1025', 'ACC1026'),
('TXN1076', 'Deposit', 130000.00, '2023-10-07 12:45:00', 'ACC1026', NULL),
('TXN1077', 'Withdrawal', 120000.00, '2023-10-07 14:00:00', 'ACC1026', NULL),
('TXN1078', 'Transfer', 122000.00, '2023-10-07 15:15:00', 'ACC1026', 'ACC1027'),
('TXN1079', 'Deposit', 135000.00, '2023-10-07 16:30:00', 'ACC1027', NULL),
('TXN1080', 'Withdrawal', 125000.00, '2023-10-07 17:45:00', 'ACC1027', NULL);

INSERT INTO LOAN_POLICY (LoanType, InterestRate, MaxAmount) 
VALUES 
('Home Loan', 6.5, 5000000),
('Car Loan', 7.2, 1500000),
('Education Loan', 5.8, 2000000),
('Personal Loan', 10.5, 1000000),
('Gold Loan', 8.5, 500000),
('Business Loan', 9.0, 10000000),
('Agriculture Loan', 4.5, 3000000);

INSERT INTO LOAN (LoanNumber, amount, LoanType, LoanStatus) 
VALUES 
('LN001', 4500000, 'Home Loan', 'Active'),
('LN002', 1200000, 'Car Loan', 'Cleared'),
('LN003', 1800000, 'Education Loan', 'Active'),
('LN004', 900000, 'Personal Loan', 'Active'),
('LN005', 300000, 'Gold Loan', 'Cleared'),
('LN006', 7500000, 'Business Loan', 'Active'),
('LN007', 2500000, 'Agriculture Loan', 'Cleared'),
('LN008', 4800000, 'Home Loan', 'Cleared'),
('LN009', 1400000, 'Car Loan', 'Active'),
('LN010', 600000, 'Education Loan', 'Cleared'),
('LN011', 850000, 'Personal Loan', 'Active'),
('LN012', 450000, 'Gold Loan', 'Active'),
('LN013', 9400000, 'Business Loan', 'Cleared'),
('LN014', 2700000, 'Agriculture Loan', 'Active'),
('LN015', 5100000, 'Home Loan', 'Active'),
('LN016', 1100000, 'Car Loan', 'Cleared'),
('LN017', 1750000, 'Education Loan', 'Active'),
('LN018', 960000, 'Personal Loan', 'Cleared'),
('LN019', 400000, 'Gold Loan', 'Cleared'),
('LN020', 8200000, 'Business Loan', 'Active'),
('LN021', 2900000, 'Agriculture Loan', 'Cleared'),
('LN022', 4700000, 'Home Loan', 'Active'),
('LN023', 1300000, 'Car Loan', 'Active'),
('LN024', 1900000, 'Education Loan', 'Cleared'),
('LN025', 1050000, 'Personal Loan', 'Active');

INSERT INTO LOAN_HOLDER (LoanNumber, ClientID, StaffID) VALUES 
('LN001', 12, 5),
('LN002', 23, 10),
('LN003', 7, 2),
('LN004', 18, 12),
('LN005', 30, 6),
('LN006', 5, 20),
('LN007', 15, 3),
('LN008', 42, 8),
('LN009', 19, 4),
('LN010', 33, 14),
('LN011', 49, 9),
('LN012', 8, 1),
('LN013', 29, 22),
('LN014', 13, 11),
('LN015', 37, 16),
('LN016', 24, 7),
('LN017', 41, 13),
('LN018', 36, 21),
('LN019', 22, 5),
('LN020', 17, 18),
('LN021', 3, 6),
('LN022', 45, 23),
('LN023', 9, 15),
('LN024', 28, 19),
('LN025', 11, 2);

INSERT INTO LOANPAYMENT (paymentNumber, paymentDate, paidAmount, leftAmount, LoanNumber) VALUES 
('P001', '2024-01-15', 4500000, 0, 'LN001'), -- Cleared
('P002', '2024-01-20', 1200000, 0, 'LN002'), -- Cleared
('P003', '2024-02-10', 900000, 900000, 'LN003'), -- Active
('P004', '2024-02-15', 600000, 300000, 'LN004'), -- Active
('P005', '2024-03-05', 300000, 0, 'LN005'), -- Cleared
('P006', '2024-03-10', 5000000, 2500000, 'LN006'), -- Active
('P007', '2024-03-20', 2500000, 0, 'LN007'), -- Cleared
('P008', '2024-04-01', 4800000, 0, 'LN008'), -- Cleared
('P009', '2024-04-10', 700000, 700000, 'LN009'), -- Active
('P010', '2024-04-15', 600000, 0, 'LN010'), -- Cleared
('P011', '2024-05-01', 500000, 350000, 'LN011'), -- Active
('P012', '2024-05-10', 250000, 200000, 'LN012'), -- Active
('P013', '2024-06-01', 9400000, 0, 'LN013'), -- Cleared
('P014', '2024-06-15', 1000000, 1700000, 'LN014'), -- Active
('P015', '2024-07-01', 3100000, 2000000, 'LN015'), -- Active
('P016', '2024-07-10', 1100000, 0, 'LN016'), -- Cleared
('P017', '2024-08-01', 1500000, 250000, 'LN017'), -- Active
('P018', '2024-08-15', 960000, 0, 'LN018'), -- Cleared
('P019', '2024-09-01', 400000, 0, 'LN019'), -- Cleared
('P020', '2024-09-10', 6200000, 2000000, 'LN020'), -- Active
('P021', '2024-10-01', 2900000, 0, 'LN021'), -- Cleared
('P022', '2024-10-10', 2700000, 2000000, 'LN022'), -- Active
('P023', '2024-11-01', 900000, 400000, 'LN023'), -- Active
('P024', '2024-11-10', 1700000, 200000, 'LN024'), -- Active
('P025', '2024-12-01', 1050000, 0, 'LN025'); -- Cleared


INSERT INTO REPORTS(Type, Timestamp, StaffID)
VALUES
('Accounts Created', '2023-10-01 17:00:00', 1),
('Accounts Created', '2023-10-15 16:30:00', 2),
('Accounts Created', '2023-10-30 15:45:00', 3),
('Number of Transactions', '2023-10-07 18:00:00', 4),
('Number of Transactions','2023-10-14 17:30:00', 5),
('Number of Transactions','2023-10-21 16:45:00', 6),
('Loan Approved','2023-10-05 14:00:00', 7),
('Loan Approved','2023-10-12 15:30:00', 8),
('Loan Approved','2023-10-19 16:45:00', 9);

INSERT INTO FEEDBACK (ClientID, Message, Timestamp)
VALUES
(1, 'The loan process was very smooth and hassle-free. I got my personal loan approved within 2 days! Highly recommended.', '2023-10-01 10:15:00'),
(2, 'I applied for a home loan, and the support team was very helpful in guiding me through the documentation process. Thank you!', '2023-10-02 14:30:00'),
(3, 'The car loan interest rates are competitive, and the EMI options are flexible. Great experience overall.', '2023-10-03 09:45:00'),
(4, 'I had a small issue with my loan application, but the customer care team resolved it quickly. Very satisfied!', '2023-10-04 16:20:00'),
(5, 'The online loan application process is very user-friendly. I didn’t even need to visit the branch. Excellent service!', '2023-10-05 11:10:00'),
(6, 'I appreciate the transparency in the loan terms and conditions. No hidden charges, and everything was clearly explained.', '2023-10-06 13:50:00'),
(7, 'The loan approval was faster than I expected. The staff was very professional and courteous. Thank you!', '2023-10-07 17:35:00'),
(8, 'I had a great experience with the home loan process. The interest rates are low, and the repayment options are flexible.', '2023-10-08 12:25:00'),
(9, 'The customer support team is very responsive. They answered all my queries promptly. Highly satisfied!', '2023-10-09 15:40:00'),
(10, 'I got my personal loan approved within 24 hours. The entire process was seamless and stress-free. Great job!', '2023-10-10 18:55:00');